{"EdgeSimPy_Native_Delay": 0.29273407490930764, "EdgeSimPy_Wall_Time": 0.0006735324859619141}